{
    "0.1": {
        "sigmoid": {
            "doEarlyStopping": {
                "trainingLossAverage": 428.7023735046387,
                "validationLossAverage": 443.2148094177246,
                "validationLossFinal": 397.9805908203125,
                "validationLossBest": 397.9805908203125,
                "validationLossBestEpoch": 5,
                "validationMAEAverage": 16.331300735473633,
                "validationMAEFinal": 15.127604484558105,
                "testLoss": 395.4930114746094,
                "testMAE": 15.106664657592773,
                "numEpochsRan": 8,
                "trainingTime": 199.21490049362183
            },
            "noEarlyStopping": {
                "trainingLossAverage": 429.4518676757813,
                "validationLossAverage": 412.65748596191406,
                "validationLossFinal": 399.1559753417969,
                "validationLossBest": 395.9809265136719,
                "validationLossBestEpoch": 5,
                "validationMAEAverage": 15.516100883483887,
                "validationMAEFinal": 15.688884735107422,
                "testLoss": 396.78778076171875,
                "testMAE": 15.66638469696045,
                "numEpochsRan": 10,
                "trainingTime": 236.02706575393677
            }
        },
        "relu": {
            "doEarlyStopping": {
                "trainingLossAverage": 8228774885.683742,
                "validationLossAverage": 402.0271780831473,
                "validationLossFinal": 396.77447509765625,
                "validationLossBest": 396.77447509765625,
                "validationLossBestEpoch": 4,
                "validationMAEAverage": 15.065298352922712,
                "validationMAEFinal": 15.19892406463623,
                "testLoss": 394.30584716796875,
                "testMAE": 15.177718162536621,
                "numEpochsRan": 7,
                "trainingTime": 172.75736260414124
            },
            "noEarlyStopping": {
                "trainingLossAverage": 10685980337.17251,
                "validationLossAverage": 412.48272399902345,
                "validationLossFinal": 396.8824768066406,
                "validationLossBest": 396.8824768066406,
                "validationLossBestEpoch": 10,
                "validationMAEAverage": 15.07057752609253,
                "validationMAEFinal": 15.190152168273926,
                "testLoss": 394.41180419921875,
                "testMAE": 15.168971061706543,
                "numEpochsRan": 10,
                "trainingTime": 233.25143432617188
            }
        },
        "tanh": {
            "doEarlyStopping": {
                "trainingLossAverage": 450.15024820963544,
                "validationLossAverage": 469.79437934027777,
                "validationLossFinal": 396.647216796875,
                "validationLossBest": 396.647216796875,
                "validationLossBestEpoch": 6,
                "validationMAEAverage": 17.048635800679524,
                "validationMAEFinal": 15.210006713867188,
                "testLoss": 394.1812438964844,
                "testMAE": 15.188770294189453,
                "numEpochsRan": 9,
                "trainingTime": 216.28421926498413
            },
            "noEarlyStopping": {
                "trainingLossAverage": 452.8244964599609,
                "validationLossAverage": 494.2096008300781,
                "validationLossFinal": 443.89154052734375,
                "validationLossBest": 397.3965759277344,
                "validationLossBestEpoch": 8,
                "validationMAEAverage": 16.99221715927124,
                "validationMAEFinal": 15.231350898742676,
                "testLoss": 441.2008972167969,
                "testMAE": 15.214432716369629,
                "numEpochsRan": 10,
                "trainingTime": 238.027996301651
            }
        }
    },
    "0.01": {
        "sigmoid": {
            "doEarlyStopping": {
                "trainingLossAverage": 406.2789001464844,
                "validationLossAverage": 398.09327697753906,
                "validationLossFinal": 395.931396484375,
                "validationLossBest": 395.931396484375,
                "validationLossBestEpoch": 7,
                "validationMAEAverage": 15.34996738433838,
                "validationMAEFinal": 15.358320236206055,
                "testLoss": 393.4999084472656,
                "testMAE": 15.336684226989746,
                "numEpochsRan": 10,
                "trainingTime": 239.30007672309875
            },
            "noEarlyStopping": {
                "trainingLossAverage": 406.6760009765625,
                "validationLossAverage": 397.0098083496094,
                "validationLossFinal": 399.291259765625,
                "validationLossBest": 395.92803955078125,
                "validationLossBestEpoch": 7,
                "validationMAEAverage": 15.353314781188965,
                "validationMAEFinal": 15.088168144226074,
                "testLoss": 396.7888488769531,
                "testMAE": 15.067501068115234,
                "numEpochsRan": 10,
                "trainingTime": 239.08513236045837
            }
        },
        "relu": {
            "doEarlyStopping": {
                "trainingLossAverage": 720.3237152099609,
                "validationLossAverage": 203.3954216003418,
                "validationLossFinal": 127.92537689208984,
                "validationLossBest": 127.92537689208984,
                "validationLossBestEpoch": 9,
                "validationMAEAverage": 10.55573787689209,
                "validationMAEFinal": 8.340575218200684,
                "testLoss": 130.24139404296875,
                "testMAE": 8.36280632019043,
                "numEpochsRan": 10,
                "trainingTime": 236.52635431289673
            },
            "noEarlyStopping": {
                "trainingLossAverage": 501.6311767578125,
                "validationLossAverage": 227.55086669921874,
                "validationLossFinal": 136.7313690185547,
                "validationLossBest": 136.7313690185547,
                "validationLossBestEpoch": 10,
                "validationMAEAverage": 11.30789794921875,
                "validationMAEFinal": 8.78622055053711,
                "testLoss": 138.94847106933594,
                "testMAE": 8.780843734741211,
                "numEpochsRan": 10,
                "trainingTime": 235.70242953300476
            }
        },
        "tanh": {
            "doEarlyStopping": {
                "trainingLossAverage": 406.2472229003906,
                "validationLossAverage": 401.2070770263672,
                "validationLossFinal": 396.1603698730469,
                "validationLossBest": 396.1603698730469,
                "validationLossBestEpoch": 1,
                "validationMAEAverage": 15.509265422821045,
                "validationMAEFinal": 15.266234397888184,
                "testLoss": 393.707763671875,
                "testMAE": 15.244829177856445,
                "numEpochsRan": 4,
                "trainingTime": 111.75792741775513
            },
            "noEarlyStopping": {
                "trainingLossAverage": 408.6232391357422,
                "validationLossAverage": 398.87706298828124,
                "validationLossFinal": 411.2505187988281,
                "validationLossBest": 395.94024658203125,
                "validationLossBestEpoch": 8,
                "validationMAEAverage": 15.267788505554199,
                "validationMAEFinal": 14.9691743850708,
                "testLoss": 408.671142578125,
                "testMAE": 14.949928283691406,
                "numEpochsRan": 10,
                "trainingTime": 240.099102973938
            }
        }
    },
    "0.001": {
        "sigmoid": {
            "doEarlyStopping": {
                "trainingLossAverage": 421.36574096679686,
                "validationLossAverage": 396.279443359375,
                "validationLossFinal": 395.9602355957031,